年,品目,都道府県,栽培面積（ha）,生葉収穫量（t）,荒茶生産量（t）
1985,茶,岩手県,9,6,1
1986,茶,岩手県,9,6,1
1987,茶,岩手県,9,7,1
1988,茶,岩手県,8,8,2
1989,茶,岩手県,7,7,2
1990,茶,岩手県,7,7,1
1991,茶,岩手県,7,6,1
1992,茶,岩手県,7,4,1
1993,茶,岩手県,7,4,1
1994,茶,岩手県,7,NA,NA
1995,茶,岩手県,8,NA,NA
1996,茶,岩手県,8,4,1
1997,茶,岩手県,7,NA,NA
1998,茶,岩手県,6,NA,NA
1999,茶,岩手県,4,3,1
2000,茶,岩手県,4,NA,NA
2001,茶,岩手県,4,NA,NA
2002,茶,岩手県,4,2,0
2003,茶,岩手県,4,2,0
2004,茶,岩手県,4,2,0
2005,茶,岩手県,4,NA,NA
2006,茶,岩手県,4,NA,NA
2007,茶,岩手県,3,NA,NA
2008,茶,岩手県,3,NA,NA
2009,茶,岩手県,3,2,0
2010,茶,岩手県,3,NA,NA
2011,茶,岩手県,3,NA,NA
2012,茶,岩手県,3,NA,NA
2013,茶,岩手県,3,NA,NA
2014,茶,岩手県,3,NA,NA
2015,茶,岩手県,3,NA,NA
2016,茶,岩手県,2,NA,NA
2017,茶,岩手県,NA,NA,NA
2018,茶,岩手県,NA,NA,NA
2019,茶,岩手県,NA,NA,NA
2020,茶,岩手県,3,NA,NA
2021,茶,岩手県,NA,NA,NA
1985,茶,宮城県,29,66,13
1986,茶,宮城県,23,33,7
1987,茶,宮城県,22,38,8
1988,茶,宮城県,22,39,8
1989,茶,宮城県,21,41,9
1990,茶,宮城県,21,42,10
1991,茶,宮城県,21,41,9
1992,茶,宮城県,21,37,8
1993,茶,宮城県,21,33,7
1994,茶,宮城県,21,NA,NA
1995,茶,宮城県,21,NA,NA
1996,茶,宮城県,20,31,6
1997,茶,宮城県,19,NA,NA
1998,茶,宮城県,19,NA,NA
1999,茶,宮城県,19,30,6
2000,茶,宮城県,19,NA,NA
2001,茶,宮城県,17,NA,NA
2002,茶,宮城県,17,20,4
2003,茶,宮城県,16,21,4
2004,茶,宮城県,16,21,4
2005,茶,宮城県,17,NA,NA
2006,茶,宮城県,16,NA,NA
2007,茶,宮城県,14,NA,NA
2008,茶,宮城県,14,NA,NA
2009,茶,宮城県,14,25,5
2010,茶,宮城県,14,NA,NA
2011,茶,宮城県,14,NA,NA
2012,茶,宮城県,14,NA,NA
2013,茶,宮城県,14,NA,NA
2014,茶,宮城県,14,8,2
2015,茶,宮城県,14,NA,NA
2016,茶,宮城県,14,NA,NA
2017,茶,宮城県,NA,NA,NA
2018,茶,宮城県,NA,NA,NA
2019,茶,宮城県,NA,NA,NA
2020,茶,宮城県,14,6,1
2021,茶,宮城県,NA,NA,NA
1985,茶,茨城県,1300,2930,642
1986,茶,茨城県,1230,3050,673
1987,茶,茨城県,1160,2980,668
1988,茶,茨城県,1090,2760,618
1989,茶,茨城県,1050,2040,453
1990,茶,茨城県,1020,2320,504
1991,茶,茨城県,997,1660,364
1992,茶,茨城県,962,2120,465
1993,茶,茨城県,943,2150,477
1994,茶,茨城県,930,NA,NA
1995,茶,茨城県,907,NA,NA
1996,茶,茨城県,870,1830,404
1997,茶,茨城県,812,NA,NA
1998,茶,茨城県,776,NA,NA
1999,茶,茨城県,741,1890,422
2000,茶,茨城県,720,NA,NA
2001,茶,茨城県,685,NA,NA
2002,茶,茨城県,668,1700,383
2003,茶,茨城県,627,1760,406
2004,茶,茨城県,605,1730,406
2005,茶,茨城県,590,1760,410
2006,茶,茨城県,569,1290,283
2007,茶,茨城県,543,1510,334
2008,茶,茨城県,523,1560,349
2009,茶,茨城県,510,1430,327
2010,茶,茨城県,480,1370,308
2011,茶,茨城県,450,149,13
2012,茶,茨城県,399,893,197
2013,茶,茨城県,396,975,222
2014,茶,茨城県,376,1170,272
2015,茶,茨城県,358,NA,NA
2016,茶,茨城県,353,NA,NA
2017,茶,茨城県,NA,NA,NA
2018,茶,茨城県,NA,NA,NA
2019,茶,茨城県,NA,NA,NA
2020,茶,茨城県,347,1120,260
2021,茶,茨城県,NA,NA,NA
1985,茶,栃木県,258,315,47
1986,茶,栃木県,257,297,46
1987,茶,栃木県,255,270,54
1988,茶,栃木県,253,246,39
1989,茶,栃木県,248,173,28
1990,茶,栃木県,238,184,37
1991,茶,栃木県,224,110,16
1992,茶,栃木県,195,129,18
1993,茶,栃木県,179,115,17
1994,茶,栃木県,161,NA,NA
1995,茶,栃木県,156,NA,NA
1996,茶,栃木県,131,89,16
1997,茶,栃木県,118,NA,NA
1998,茶,栃木県,117,NA,NA
1999,茶,栃木県,98,65,11
2000,茶,栃木県,97,NA,NA
2001,茶,栃木県,95,NA,NA
2002,茶,栃木県,95,72,13
2003,茶,栃木県,88,70,12
2004,茶,栃木県,87,70,12
2005,茶,栃木県,78,NA,NA
2006,茶,栃木県,78,NA,NA
2007,茶,栃木県,78,NA,NA
2008,茶,栃木県,78,NA,NA
2009,茶,栃木県,78,55,14
2010,茶,栃木県,69,NA,NA
2011,茶,栃木県,69,NA,NA
2012,茶,栃木県,69,NA,NA
2013,茶,栃木県,69,NA,NA
2014,茶,栃木県,68,28,7
2015,茶,栃木県,66,NA,NA
2016,茶,栃木県,66,NA,NA
2017,茶,栃木県,NA,NA,NA
2018,茶,栃木県,NA,NA,NA
2019,茶,栃木県,NA,NA,NA
2020,茶,栃木県,20,20,5
2021,茶,栃木県,NA,NA,NA
1985,茶,群馬県,144,214,43
1986,茶,群馬県,140,167,33
1987,茶,群馬県,138,159,32
1988,茶,群馬県,138,184,36
1989,茶,群馬県,138,158,32
1990,茶,群馬県,124,149,30
1991,茶,群馬県,113,121,24
1992,茶,群馬県,103,106,21
1993,茶,群馬県,97,78,15
1994,茶,群馬県,97,NA,NA
1995,茶,群馬県,97,NA,NA
1996,茶,群馬県,75,66,13
1997,茶,群馬県,74,NA,NA
1998,茶,群馬県,74,NA,NA
1999,茶,群馬県,68,68,15
2000,茶,群馬県,63,NA,NA
2001,茶,群馬県,62,NA,NA
2002,茶,群馬県,62,49,10
2003,茶,群馬県,62,44,9
2004,茶,群馬県,62,27,6
2005,茶,群馬県,61,NA,NA
2006,茶,群馬県,60,NA,NA
2007,茶,群馬県,58,NA,NA
2008,茶,群馬県,56,NA,NA
2009,茶,群馬県,56,22,4
2010,茶,群馬県,53,NA,NA
2011,茶,群馬県,53,NA,NA
2012,茶,群馬県,53,NA,NA
2013,茶,群馬県,48,NA,NA
2014,茶,群馬県,46,NA,NA
2015,茶,群馬県,44,NA,NA
2016,茶,群馬県,36,NA,NA
2017,茶,群馬県,NA,NA,NA
2018,茶,群馬県,NA,NA,NA
2019,茶,群馬県,NA,NA,NA
2020,茶,群馬県,8,NA,NA
2021,茶,群馬県,NA,NA,NA
1985,茶,埼玉県,3170,6030,1300
1986,茶,埼玉県,3100,6300,1430
1987,茶,埼玉県,3070,6580,1500
1988,茶,埼玉県,3040,5860,1340
1989,茶,埼玉県,2900,6940,1600
1990,茶,埼玉県,2840,7220,1600
1991,茶,埼玉県,2590,6010,1340
1992,茶,埼玉県,2360,6270,1390
1993,茶,埼玉県,2160,5590,1280
1994,茶,埼玉県,1880,6180,1410
1995,茶,埼玉県,1750,6290,1400
1996,茶,埼玉県,1560,4140,915
1997,茶,埼玉県,1490,5110,1130
1998,茶,埼玉県,1430,5430,1230
1999,茶,埼玉県,1380,4500,936
2000,茶,埼玉県,1320,4950,1060
2001,茶,埼玉県,1250,3910,839
2002,茶,埼玉県,1240,4420,939
2003,茶,埼玉県,1220,4310,932
2004,茶,埼玉県,1190,3680,792
2005,茶,埼玉県,1170,4700,1040
2006,茶,埼玉県,1160,3910,831
2007,茶,埼玉県,1130,4310,926
2008,茶,埼玉県,1110,4230,914
2009,茶,埼玉県,1060,3840,825
2010,茶,埼玉県,1010,3390,729
2011,茶,埼玉県,968,3010,631
2012,茶,埼玉県,961,2750,581
2013,茶,埼玉県,925,2490,537
2014,茶,埼玉県,899,2560,560
2015,茶,埼玉県,890,2750,598
2016,茶,埼玉県,884,3060,652
2017,茶,埼玉県,871,3280,698
2018,茶,埼玉県,855,4040,898
2019,茶,埼玉県,843,4020,881
2020,茶,埼玉県,825,3480,754
2021,茶,埼玉県,783,3400,728
1985,茶,千葉県,526,1270,283
1986,茶,千葉県,503,1220,273
1987,茶,千葉県,488,1170,261
1988,茶,千葉県,466,1030,226
1989,茶,千葉県,455,614,133
1990,茶,千葉県,437,990,216
1991,茶,千葉県,418,591,127
1992,茶,千葉県,410,874,199
1993,茶,千葉県,407,774,173
1994,茶,千葉県,398,NA,NA
1995,茶,千葉県,389,NA,NA
1996,茶,千葉県,361,592,129
1997,茶,千葉県,343,NA,NA
1998,茶,千葉県,321,NA,NA
1999,茶,千葉県,308,671,137
2000,茶,千葉県,299,NA,NA
2001,茶,千葉県,292,NA,NA
2002,茶,千葉県,284,388,81
2003,茶,千葉県,271,339,73
2004,茶,千葉県,248,340,75
2005,茶,千葉県,229,NA,NA
2006,茶,千葉県,227,NA,NA
2007,茶,千葉県,224,NA,NA
2008,茶,千葉県,224,NA,NA
2009,茶,千葉県,223,216,53
2010,茶,千葉県,220,NA,NA
2011,茶,千葉県,220,NA,NA
2012,茶,千葉県,220,NA,NA
2013,茶,千葉県,220,NA,NA
2014,茶,千葉県,215,130,30
2015,茶,千葉県,203,NA,NA
2016,茶,千葉県,194,NA,NA
2017,茶,千葉県,NA,NA,NA
2018,茶,千葉県,NA,NA,NA
2019,茶,千葉県,NA,NA,NA
2020,茶,千葉県,185,77,18
2021,茶,千葉県,NA,NA,NA
1985,茶,東京都,378,687,162
1986,茶,東京都,383,865,193
1987,茶,東京都,385,784,185
1988,茶,東京都,378,647,141
1989,茶,東京都,365,668,147
1990,茶,東京都,356,611,136
1991,茶,東京都,349,551,124
1992,茶,東京都,332,545,110
1993,茶,東京都,314,451,94
1994,茶,東京都,298,NA,NA
1995,茶,東京都,283,NA,NA
1996,茶,東京都,271,362,86
1997,茶,東京都,250,NA,NA
1998,茶,東京都,235,NA,NA
1999,茶,東京都,222,390,91
2000,茶,東京都,202,NA,NA
2001,茶,東京都,174,NA,NA
2002,茶,東京都,172,355,72
2003,茶,東京都,169,356,86
2004,茶,東京都,168,271,65
2005,茶,東京都,168,NA,NA
2006,茶,東京都,162,NA,NA
2007,茶,東京都,160,NA,NA
2008,茶,東京都,157,NA,NA
2009,茶,東京都,144,296,66
2010,茶,東京都,142,NA,NA
2011,茶,東京都,144,NA,NA
2012,茶,東京都,144,NA,NA
2013,茶,東京都,144,NA,NA
2014,茶,東京都,144,230,53
2015,茶,東京都,144,NA,NA
2016,茶,東京都,144,NA,NA
2017,茶,東京都,NA,NA,NA
2018,茶,東京都,NA,NA,NA
2019,茶,東京都,NA,NA,NA
2020,茶,東京都,120,201,41
2021,茶,東京都,NA,NA,NA
1985,茶,神奈川県,313,1380,299
1986,茶,神奈川県,310,1250,267
1987,茶,神奈川県,317,1360,283
1988,茶,神奈川県,313,1210,250
1989,茶,神奈川県,311,992,189
1990,茶,神奈川県,309,1200,246
1991,茶,神奈川県,302,1110,222
1992,茶,神奈川県,297,1120,230
1993,茶,神奈川県,296,1140,240
1994,茶,神奈川県,295,NA,NA
1995,茶,神奈川県,294,NA,NA
1996,茶,神奈川県,288,856,174
1997,茶,神奈川県,286,NA,NA
1998,茶,神奈川県,279,NA,NA
1999,茶,神奈川県,266,914,185
2000,茶,神奈川県,263,NA,NA
2001,茶,神奈川県,262,NA,NA
2002,茶,神奈川県,261,955,216
2003,茶,神奈川県,265,1090,238
2004,茶,神奈川県,264,903,196
2005,茶,神奈川県,265,NA,NA
2006,茶,神奈川県,266,NA,NA
2007,茶,神奈川県,267,NA,NA
2008,茶,神奈川県,269,NA,NA
2009,茶,神奈川県,273,1070,242
2010,茶,神奈川県,274,NA,NA
2011,茶,神奈川県,275,NA,NA
2012,茶,神奈川県,275,NA,NA
2013,茶,神奈川県,260,NA,NA
2014,茶,神奈川県,263,629,137
2015,茶,神奈川県,259,NA,NA
2016,茶,神奈川県,257,NA,NA
2017,茶,神奈川県,NA,NA,NA
2018,茶,神奈川県,NA,NA,NA
2019,茶,神奈川県,NA,NA,NA
2020,茶,神奈川県,229,666,146
2021,茶,神奈川県,NA,NA,NA
1985,茶,新潟県,49,184,45
1986,茶,新潟県,42,161,41
1987,茶,新潟県,39,157,42
1988,茶,新潟県,38,140,28
1989,茶,新潟県,37,139,28
1990,茶,新潟県,34,146,32
1991,茶,新潟県,34,123,25
1992,茶,新潟県,30,117,33
1993,茶,新潟県,30,100,24
1994,茶,新潟県,25,NA,NA
1995,茶,新潟県,25,NA,NA
1996,茶,新潟県,25,136,36
1997,茶,新潟県,25,NA,NA
1998,茶,新潟県,25,NA,NA
1999,茶,新潟県,25,112,28
2000,茶,新潟県,24,NA,NA
2001,茶,新潟県,23,NA,NA
2002,茶,新潟県,21,89,23
2003,茶,新潟県,20,82,21
2004,茶,新潟県,20,63,15
2005,茶,新潟県,20,NA,NA
2006,茶,新潟県,20,NA,NA
2007,茶,新潟県,21,NA,NA
2008,茶,新潟県,21,NA,NA
2009,茶,新潟県,21,37,10
2010,茶,新潟県,21,NA,NA
2011,茶,新潟県,20,NA,NA
2012,茶,新潟県,20,NA,NA
2013,茶,新潟県,22,NA,NA
2014,茶,新潟県,22,37,11
2015,茶,新潟県,22,NA,NA
2016,茶,新潟県,22,NA,NA
2017,茶,新潟県,NA,NA,NA
2018,茶,新潟県,NA,NA,NA
2019,茶,新潟県,NA,NA,NA
2020,茶,新潟県,22,30,8
2021,茶,新潟県,NA,NA,NA
1985,茶,富山県,45,146,37
1986,茶,富山県,45,117,30
1987,茶,富山県,37,81,20
1988,茶,富山県,26,60,14
1989,茶,富山県,18,47,11
1990,茶,富山県,17,52,13
1991,茶,富山県,12,45,11
1992,茶,富山県,9,35,8
1993,茶,富山県,8,35,9
1994,茶,富山県,8,NA,NA
1995,茶,富山県,8,NA,NA
1996,茶,富山県,8,31,8
1997,茶,富山県,9,NA,NA
1998,茶,富山県,9,NA,NA
1999,茶,富山県,8,20,5
2000,茶,富山県,6,NA,NA
2001,茶,富山県,6,NA,NA
2002,茶,富山県,4,12,3
2003,茶,富山県,4,11,2
2004,茶,富山県,3,12,2
2005,茶,富山県,3,NA,NA
2006,茶,富山県,3,NA,NA
2007,茶,富山県,3,NA,NA
2008,茶,富山県,3,NA,NA
2009,茶,富山県,3,11,3
2010,茶,富山県,3,NA,NA
2011,茶,富山県,3,NA,NA
2012,茶,富山県,3,NA,NA
2013,茶,富山県,3,NA,NA
2014,茶,富山県,3,NA,NA
2015,茶,富山県,2,NA,NA
2016,茶,富山県,2,NA,NA
2017,茶,富山県,NA,NA,NA
2018,茶,富山県,NA,NA,NA
2019,茶,富山県,NA,NA,NA
2020,茶,富山県,NA,NA,NA
2021,茶,富山県,NA,NA,NA
1985,茶,石川県,28,38,9
1986,茶,石川県,24,16,4
1987,茶,石川県,24,33,6
1988,茶,石川県,22,24,5
1989,茶,石川県,20,27,6
1990,茶,石川県,20,39,9
1991,茶,石川県,18,19,4
1992,茶,石川県,15,25,6
1993,茶,石川県,15,27,6
1994,茶,石川県,14,NA,NA
1995,茶,石川県,14,NA,NA
1996,茶,石川県,13,28,6
1997,茶,石川県,11,NA,NA
1998,茶,石川県,11,NA,NA
1999,茶,石川県,11,10,2
2000,茶,石川県,8,NA,NA
2001,茶,石川県,8,NA,NA
2002,茶,石川県,7,4,1
2003,茶,石川県,7,2,0
2004,茶,石川県,5,2,0
2005,茶,石川県,5,NA,NA
2006,茶,石川県,5,NA,NA
2007,茶,石川県,4,NA,NA
2008,茶,石川県,4,NA,NA
2009,茶,石川県,4,3,1
2010,茶,石川県,4,NA,NA
2011,茶,石川県,4,NA,NA
2012,茶,石川県,4,NA,NA
2013,茶,石川県,4,NA,NA
2014,茶,石川県,4,NA,NA
2015,茶,石川県,5,NA,NA
2016,茶,石川県,5,NA,NA
2017,茶,石川県,NA,NA,NA
2018,茶,石川県,NA,NA,NA
2019,茶,石川県,NA,NA,NA
2020,茶,石川県,4,4,1
2021,茶,石川県,NA,NA,NA
1985,茶,福井県,52,114,28
1986,茶,福井県,47,51,12
1987,茶,福井県,37,84,20
1988,茶,福井県,23,81,18
1989,茶,福井県,20,50,12
1990,茶,福井県,14,40,10
1991,茶,福井県,10,32,8
1992,茶,福井県,8,44,10
1993,茶,福井県,8,36,7
1994,茶,福井県,8,NA,NA
1995,茶,福井県,5,NA,NA
1996,茶,福井県,4,7,1
1997,茶,福井県,4,NA,NA
1998,茶,福井県,4,NA,NA
1999,茶,福井県,4,11,2
2000,茶,福井県,4,NA,NA
2001,茶,福井県,5,NA,NA
2002,茶,福井県,4,11,2
2003,茶,福井県,4,10,2
2004,茶,福井県,4,9,2
2005,茶,福井県,4,NA,NA
2006,茶,福井県,3,NA,NA
2007,茶,福井県,3,NA,NA
2008,茶,福井県,3,NA,NA
2009,茶,福井県,3,7,1
2010,茶,福井県,3,NA,NA
2011,茶,福井県,3,NA,NA
2012,茶,福井県,3,NA,NA
2013,茶,福井県,3,NA,NA
2014,茶,福井県,3,4,1
2015,茶,福井県,2,NA,NA
2016,茶,福井県,2,NA,NA
2017,茶,福井県,NA,NA,NA
2018,茶,福井県,NA,NA,NA
2019,茶,福井県,NA,NA,NA
2020,茶,福井県,2,2,0
2021,茶,福井県,NA,NA,NA
1985,茶,山梨県,229,605,118
1986,茶,山梨県,219,547,110
1987,茶,山梨県,213,575,116
1988,茶,山梨県,212,602,122
1989,茶,山梨県,213,572,116
1990,茶,山梨県,215,593,120
1991,茶,山梨県,215,470,95
1992,茶,山梨県,218,543,112
1993,茶,山梨県,219,523,106
1994,茶,山梨県,214,NA,NA
1995,茶,山梨県,209,NA,NA
1996,茶,山梨県,207,349,68
1997,茶,山梨県,206,NA,NA
1998,茶,山梨県,202,NA,NA
1999,茶,山梨県,202,401,78
2000,茶,山梨県,202,NA,NA
2001,茶,山梨県,199,NA,NA
2002,茶,山梨県,197,411,75
2003,茶,山梨県,177,358,70
2004,茶,山梨県,171,276,54
2005,茶,山梨県,157,NA,NA
2006,茶,山梨県,150,NA,NA
2007,茶,山梨県,144,NA,NA
2008,茶,山梨県,140,NA,NA
2009,茶,山梨県,138,303,61
2010,茶,山梨県,136,NA,NA
2011,茶,山梨県,132,NA,NA
2012,茶,山梨県,130,NA,NA
2013,茶,山梨県,127,NA,NA
2014,茶,山梨県,125,194,36
2015,茶,山梨県,113,NA,NA
2016,茶,山梨県,111,NA,NA
2017,茶,山梨県,NA,NA,NA
2018,茶,山梨県,NA,NA,NA
2019,茶,山梨県,NA,NA,NA
2020,茶,山梨県,102,155,31
2021,茶,山梨県,NA,NA,NA
1985,茶,長野県,115,264,56
1986,茶,長野県,115,228,47
1987,茶,長野県,115,260,53
1988,茶,長野県,113,259,53
1989,茶,長野県,113,266,55
1990,茶,長野県,114,265,56
1991,茶,長野県,111,275,59
1992,茶,長野県,111,249,51
1993,茶,長野県,111,256,54
1994,茶,長野県,108,NA,NA
1995,茶,長野県,106,NA,NA
1996,茶,長野県,103,209,45
1997,茶,長野県,103,NA,NA
1998,茶,長野県,103,NA,NA
1999,茶,長野県,105,222,46
2000,茶,長野県,105,NA,NA
2001,茶,長野県,105,NA,NA
2002,茶,長野県,105,231,44
2003,茶,長野県,101,212,43
2004,茶,長野県,99,167,35
2005,茶,長野県,92,NA,NA
2006,茶,長野県,89,NA,NA
2007,茶,長野県,88,NA,NA
2008,茶,長野県,87,NA,NA
2009,茶,長野県,86,171,38
2010,茶,長野県,85,NA,NA
2011,茶,長野県,84,NA,NA
2012,茶,長野県,84,NA,NA
2013,茶,長野県,83,NA,NA
2014,茶,長野県,82,101,22
2015,茶,長野県,75,NA,NA
2016,茶,長野県,69,NA,NA
2017,茶,長野県,NA,NA,NA
2018,茶,長野県,NA,NA,NA
2019,茶,長野県,NA,NA,NA
2020,茶,長野県,52,61,13
2021,茶,長野県,NA,NA,NA
1985,茶,岐阜県,1440,6160,1390
1986,茶,岐阜県,1430,5600,1220
1987,茶,岐阜県,1410,5650,1250
1988,茶,岐阜県,1390,5390,1210
1989,茶,岐阜県,1380,4950,1070
1990,茶,岐阜県,1360,5060,1120
1991,茶,岐阜県,1340,4340,946
1992,茶,岐阜県,1310,4710,1020
1993,茶,岐阜県,1280,4590,983
1994,茶,岐阜県,1250,4080,904
1995,茶,岐阜県,1220,4480,968
1996,茶,岐阜県,1190,3970,879
1997,茶,岐阜県,1170,4310,939
1998,茶,岐阜県,1130,4290,912
1999,茶,岐阜県,1090,3820,851
2000,茶,岐阜県,1070,NA,NA
2001,茶,岐阜県,1050,NA,NA
2002,茶,岐阜県,1040,3750,821
2003,茶,岐阜県,1040,3780,843
2004,茶,岐阜県,1040,3480,775
2005,茶,岐阜県,1040,3690,820
2006,茶,岐阜県,1040,2790,609
2007,茶,岐阜県,1030,3550,789
2008,茶,岐阜県,1030,3820,847
2009,茶,岐阜県,1020,3240,708
2010,茶,岐阜県,1000,2850,637
2011,茶,岐阜県,982,2820,641
2012,茶,岐阜県,973,2500,562
2013,茶,岐阜県,944,2540,571
2014,茶,岐阜県,882,2760,625
2015,茶,岐阜県,806,NA,NA
2016,茶,岐阜県,734,NA,NA
2017,茶,岐阜県,NA,NA,NA
2018,茶,岐阜県,NA,NA,NA
2019,茶,岐阜県,NA,NA,NA
2020,茶,岐阜県,592,2160,470
2021,茶,岐阜県,NA,NA,NA
1985,茶,静岡県,23000,205500,48000
1986,茶,静岡県,23100,200800,46400
1987,茶,静岡県,23200,209200,48100
1988,茶,静岡県,23300,197400,44700
1989,茶,静岡県,23200,200600,45400
1990,茶,静岡県,23100,197600,44100
1991,茶,静岡県,23000,196700,44200
1992,茶,静岡県,22800,201500,45200
1993,茶,静岡県,22500,204400,46000
1994,茶,静岡県,22200,190600,42500
1995,茶,静岡県,22000,182000,40300
1996,茶,静岡県,21800,178700,40800
1997,茶,静岡県,21400,185200,41000
1998,茶,静岡県,21200,170200,36000
1999,茶,静岡県,21000,177900,39100
2000,茶,静岡県,21000,179100,39400
2001,茶,静岡県,20800,176000,39300
2002,茶,静岡県,20600,168500,36900
2003,茶,静岡県,20500,188400,40900
2004,茶,静岡県,20300,197300,44200
2005,茶,静岡県,20200,197900,44100
2006,茶,静岡県,20100,182200,40000
2007,茶,静岡県,19900,179900,39900
2008,茶,静岡県,19700,180400,40100
2009,茶,静岡県,19200,160500,35800
2010,茶,静岡県,19000,148900,33400
2011,茶,静岡県,18700,151300,33500
2012,茶,静岡県,18500,150300,33400
2013,茶,静岡県,18300,144100,32200
2014,茶,静岡県,18100,149000,33100
2015,茶,静岡県,17800,144400,31800
2016,茶,静岡県,17400,141500,30700
2017,茶,静岡県,17100,140700,30800
2018,茶,静岡県,16500,150500,33400
2019,茶,静岡県,15900,129300,29500
2020,茶,静岡県,15200,112600,25200
2021,茶,静岡県,14500,134700,29700
1985,茶,愛知県,881,5800,1240
1986,茶,愛知県,875,5360,1140
1987,茶,愛知県,850,5660,1250
1988,茶,愛知県,854,5200,1090
1989,茶,愛知県,843,5540,1150
1990,茶,愛知県,841,5270,1080
1991,茶,愛知県,818,4940,1010
1992,茶,愛知県,796,5260,1060
1993,茶,愛知県,776,4980,996
1994,茶,愛知県,771,4590,911
1995,茶,愛知県,757,4320,852
1996,茶,愛知県,750,4030,819
1997,茶,愛知県,742,4340,875
1998,茶,愛知県,736,4520,881
1999,茶,愛知県,705,4510,907
2000,茶,愛知県,698,4410,899
2001,茶,愛知県,693,4390,925
2002,茶,愛知県,691,4310,903
2003,茶,愛知県,699,4650,992
2004,茶,愛知県,701,4540,953
2005,茶,愛知県,694,5200,1090
2006,茶,愛知県,693,5050,1050
2007,茶,愛知県,677,4800,964
2008,茶,愛知県,670,5180,1070
2009,茶,愛知県,652,4670,959
2010,茶,愛知県,640,4610,929
2011,茶,愛知県,635,4530,927
2012,茶,愛知県,632,4170,841
2013,茶,愛知県,587,4330,884
2014,茶,愛知県,564,4460,908
2015,茶,愛知県,555,4380,887
2016,茶,愛知県,542,4460,914
2017,茶,愛知県,538,4250,880
2018,茶,愛知県,521,4190,863
2019,茶,愛知県,517,4020,832
2020,茶,愛知県,500,3630,744
2021,茶,愛知県,NA,NA,NA
1985,茶,三重県,4090,31900,7200
1986,茶,三重県,4070,30100,6730
1987,茶,三重県,4040,31400,7170
1988,茶,三重県,4020,27800,6330
1989,茶,三重県,4000,24600,5780
1990,茶,三重県,3980,29500,6620
1991,茶,三重県,3940,27400,6430
1992,茶,三重県,3910,30600,7070
1993,茶,三重県,3860,29900,6860
1994,茶,三重県,3800,30500,7050
1995,茶,三重県,3710,29300,6650
1996,茶,三重県,3640,29800,7020
1997,茶,三重県,3550,32400,7630
1998,茶,三重県,3480,30400,6910
1999,茶,三重県,3410,31800,7330
2000,茶,三重県,3400,32200,7410
2001,茶,三重県,3420,31900,7460
2002,茶,三重県,3400,30300,6940
2003,茶,三重県,3380,31000,7140
2004,茶,三重県,3360,33300,7640
2005,茶,三重県,3320,36000,8110
2006,茶,三重県,3310,32800,7230
2007,茶,三重県,3270,34700,7620
2008,茶,三重県,3260,34700,7490
2009,茶,三重県,3250,30200,6510
2010,茶,三重県,3210,33200,7100
2011,茶,三重県,3180,34200,7350
2012,茶,三重県,3170,36100,7740
2013,茶,三重県,3150,33100,7130
2014,茶,三重県,3110,32000,6770
2015,茶,三重県,3040,32600,6830
2016,茶,三重県,3000,30500,6370
2017,茶,三重県,2950,29000,6130
2018,茶,三重県,2880,30200,6240
2019,茶,三重県,2780,28600,5910
2020,茶,三重県,2710,24000,5080
2021,茶,三重県,2640,25700,5360
1985,茶,滋賀県,1610,5480,1240
1986,茶,滋賀県,1150,5380,1190
1987,茶,滋賀県,1140,5390,1170
1988,茶,滋賀県,1140,4970,1070
1989,茶,滋賀県,1130,4490,973
1990,茶,滋賀県,1120,5030,1110
1991,茶,滋賀県,1100,4770,1040
1992,茶,滋賀県,1090,4530,996
1993,茶,滋賀県,1070,4190,876
1994,茶,滋賀県,1010,4010,858
1995,茶,滋賀県,1000,4260,900
1996,茶,滋賀県,975,4140,871
1997,茶,滋賀県,921,4310,912
1998,茶,滋賀県,882,3870,810
1999,茶,滋賀県,844,4060,860
2000,茶,滋賀県,806,4030,859
2001,茶,滋賀県,762,NA,NA
2002,茶,滋賀県,728,3840,825
2003,茶,滋賀県,700,3900,836
2004,茶,滋賀県,693,4240,878
2005,茶,滋賀県,684,4160,856
2006,茶,滋賀県,672,3570,763
2007,茶,滋賀県,672,4030,878
2008,茶,滋賀県,666,3800,789
2009,茶,滋賀県,660,3560,756
2010,茶,滋賀県,645,3560,755
2011,茶,滋賀県,645,3270,718
2012,茶,滋賀県,634,3620,805
2013,茶,滋賀県,626,3160,685
2014,茶,滋賀県,623,3130,679
2015,茶,滋賀県,617,NA,NA
2016,茶,滋賀県,614,NA,NA
2017,茶,滋賀県,NA,NA,NA
2018,茶,滋賀県,NA,NA,NA
2019,茶,滋賀県,NA,NA,NA
2020,茶,滋賀県,545,2760,549
2021,茶,滋賀県,NA,NA,NA
1985,茶,京都府,1730,13600,3150
1986,茶,京都府,1700,12600,2920
1987,茶,京都府,1700,12100,2790
1988,茶,京都府,1700,12100,2710
1989,茶,京都府,1700,10800,2390
1990,茶,京都府,1700,11100,2510
1991,茶,京都府,1700,10500,2370
1992,茶,京都府,1700,12300,2780
1993,茶,京都府,1680,12600,2790
1994,茶,京都府,1660,11800,2640
1995,茶,京都府,1650,11500,2550
1996,茶,京都府,1630,12900,2830
1997,茶,京都府,1620,13700,2990
1998,茶,京都府,1610,14300,3130
1999,茶,京都府,1600,13600,3030
2000,茶,京都府,1590,14000,3020
2001,茶,京都府,1580,13300,2920
2002,茶,京都府,1560,13100,2850
2003,茶,京都府,1560,13400,2890
2004,茶,京都府,1560,13800,2950
2005,茶,京都府,1560,14800,3300
2006,茶,京都府,1560,13800,2900
2007,茶,京都府,1560,13400,2970
2008,茶,京都府,1560,13100,2770
2009,茶,京都府,1560,12600,2710
2010,茶,京都府,1580,12100,2640
2011,茶,京都府,1580,13100,2870
2012,茶,京都府,1580,14400,3170
2013,茶,京都府,1580,13700,3020
2014,茶,京都府,1580,13200,2920
2015,茶,京都府,1580,14400,3190
2016,茶,京都府,1580,14400,3190
2017,茶,京都府,1570,14200,3160
2018,茶,京都府,1570,13800,3070
2019,茶,京都府,1560,13100,2900
2020,茶,京都府,1560,11200,2360
2021,茶,京都府,1550,11600,2450
1985,茶,兵庫県,316,1260,253
1986,茶,兵庫県,313,1180,241
1987,茶,兵庫県,302,1200,262
1988,茶,兵庫県,302,1340,298
1989,茶,兵庫県,298,1180,252
1990,茶,兵庫県,295,1250,276
1991,茶,兵庫県,288,1150,252
1992,茶,兵庫県,285,1200,295
1993,茶,兵庫県,279,1160,261
1994,茶,兵庫県,274,NA,NA
1995,茶,兵庫県,267,NA,NA
1996,茶,兵庫県,251,675,141
1997,茶,兵庫県,234,NA,NA
1998,茶,兵庫県,224,NA,NA
1999,茶,兵庫県,218,916,208
2000,茶,兵庫県,208,NA,NA
2001,茶,兵庫県,200,NA,NA
2002,茶,兵庫県,191,196,39
2003,茶,兵庫県,186,368,81
2004,茶,兵庫県,179,405,89
2005,茶,兵庫県,177,NA,NA
2006,茶,兵庫県,177,NA,NA
2007,茶,兵庫県,177,NA,NA
2008,茶,兵庫県,172,NA,NA
2009,茶,兵庫県,168,341,79
2010,茶,兵庫県,167,NA,NA
2011,茶,兵庫県,164,NA,NA
2012,茶,兵庫県,164,NA,NA
2013,茶,兵庫県,144,NA,NA
2014,茶,兵庫県,140,273,59
2015,茶,兵庫県,127,NA,NA
2016,茶,兵庫県,119,NA,NA
2017,茶,兵庫県,NA,NA,NA
2018,茶,兵庫県,NA,NA,NA
2019,茶,兵庫県,NA,NA,NA
2020,茶,兵庫県,83,185,42
2021,茶,兵庫県,NA,NA,NA
1985,茶,奈良県,1530,13500,3120
1986,茶,奈良県,1510,12700,2950
1987,茶,奈良県,1480,13600,3210
1988,茶,奈良県,1470,12200,2870
1989,茶,奈良県,1450,11800,2790
1990,茶,奈良県,1450,12300,2870
1991,茶,奈良県,1430,11200,2630
1992,茶,奈良県,1380,12300,2880
1993,茶,奈良県,1310,12400,2940
1994,茶,奈良県,1250,11200,2670
1995,茶,奈良県,1190,10500,2440
1996,茶,奈良県,1140,11800,2820
1997,茶,奈良県,1090,12600,3020
1998,茶,奈良県,1050,10300,2380
1999,茶,奈良県,972,12100,2940
2000,茶,奈良県,945,12300,2910
2001,茶,奈良県,884,11500,2790
2002,茶,奈良県,843,10500,2500
2003,茶,奈良県,820,11000,2620
2004,茶,奈良県,800,12200,2920
2005,茶,奈良県,800,12100,2850
2006,茶,奈良県,799,10800,2490
2007,茶,奈良県,772,11000,2530
2008,茶,奈良県,752,9980,2360
2009,茶,奈良県,747,8260,2030
2010,茶,奈良県,745,8210,2050
2011,茶,奈良県,739,7380,1750
2012,茶,奈良県,737,8080,1950
2013,茶,奈良県,733,7340,1760
2014,茶,奈良県,730,7420,1810
2015,茶,奈良県,726,7080,1700
2016,茶,奈良県,706,7130,1720
2017,茶,奈良県,701,7060,1710
2018,茶,奈良県,NA,NA,NA
2019,茶,奈良県,NA,NA,NA
2020,茶,奈良県,654,6190,1490
2021,茶,奈良県,NA,NA,NA
1985,茶,和歌山県,109,388,86
1986,茶,和歌山県,108,326,71
1987,茶,和歌山県,105,347,78
1988,茶,和歌山県,95,326,69
1989,茶,和歌山県,86,260,55
1990,茶,和歌山県,85,273,60
1991,茶,和歌山県,83,275,59
1992,茶,和歌山県,80,267,58
1993,茶,和歌山県,74,279,60
1994,茶,和歌山県,71,NA,NA
1995,茶,和歌山県,70,NA,NA
1996,茶,和歌山県,65,199,43
1997,茶,和歌山県,63,NA,NA
1998,茶,和歌山県,57,NA,NA
1999,茶,和歌山県,56,168,36
2000,茶,和歌山県,56,NA,NA
2001,茶,和歌山県,55,NA,NA
2002,茶,和歌山県,46,134,27
2003,茶,和歌山県,45,150,30
2004,茶,和歌山県,45,135,29
2005,茶,和歌山県,41,NA,NA
2006,茶,和歌山県,41,NA,NA
2007,茶,和歌山県,40,NA,NA
2008,茶,和歌山県,39,NA,NA
2009,茶,和歌山県,38,83,18
2010,茶,和歌山県,33,NA,NA
2011,茶,和歌山県,33,NA,NA
2012,茶,和歌山県,33,NA,NA
2013,茶,和歌山県,33,NA,NA
2014,茶,和歌山県,33,71,15
2015,茶,和歌山県,31,NA,NA
2016,茶,和歌山県,31,NA,NA
2017,茶,和歌山県,NA,NA,NA
2018,茶,和歌山県,NA,NA,NA
2019,茶,和歌山県,NA,NA,NA
2020,茶,和歌山県,26,43,8
2021,茶,和歌山県,NA,NA,NA
1985,茶,鳥取県,40,198,48
1986,茶,鳥取県,36,210,49
1987,茶,鳥取県,35,218,52
1988,茶,鳥取県,35,190,46
1989,茶,鳥取県,35,180,42
1990,茶,鳥取県,32,177,37
1991,茶,鳥取県,28,170,36
1992,茶,鳥取県,23,192,39
1993,茶,鳥取県,23,168,34
1994,茶,鳥取県,21,NA,NA
1995,茶,鳥取県,21,NA,NA
1996,茶,鳥取県,16,100,17
1997,茶,鳥取県,15,NA,NA
1998,茶,鳥取県,15,NA,NA
1999,茶,鳥取県,13,93,23
2000,茶,鳥取県,12,NA,NA
2001,茶,鳥取県,12,NA,NA
2002,茶,鳥取県,12,102,22
2003,茶,鳥取県,12,93,23
2004,茶,鳥取県,12,88,20
2005,茶,鳥取県,11,NA,NA
2006,茶,鳥取県,11,NA,NA
2007,茶,鳥取県,11,NA,NA
2008,茶,鳥取県,11,NA,NA
2009,茶,鳥取県,11,86,24
2010,茶,鳥取県,11,NA,NA
2011,茶,鳥取県,11,NA,NA
2012,茶,鳥取県,11,NA,NA
2013,茶,鳥取県,11,NA,NA
2014,茶,鳥取県,11,85,22
2015,茶,鳥取県,10,NA,NA
2016,茶,鳥取県,10,NA,NA
2017,茶,鳥取県,NA,NA,NA
2018,茶,鳥取県,NA,NA,NA
2019,茶,鳥取県,NA,NA,NA
2020,茶,鳥取県,10,86,20
2021,茶,鳥取県,NA,NA,NA
1985,茶,島根県,432,2030,478
1986,茶,島根県,400,1970,469
1987,茶,島根県,390,2150,512
1988,茶,島根県,380,1990,482
1989,茶,島根県,367,1950,466
1990,茶,島根県,363,2000,483
1991,茶,島根県,356,1910,460
1992,茶,島根県,338,1970,477
1993,茶,島根県,307,1780,416
1994,茶,島根県,301,NA,NA
1995,茶,島根県,295,NA,NA
1996,茶,島根県,291,1670,411
1997,茶,島根県,283,NA,NA
1998,茶,島根県,272,NA,NA
1999,茶,島根県,245,1450,343
2000,茶,島根県,240,NA,NA
2001,茶,島根県,224,NA,NA
2002,茶,島根県,222,1460,341
2003,茶,島根県,215,1400,327
2004,茶,島根県,212,1380,317
2005,茶,島根県,212,NA,NA
2006,茶,島根県,210,NA,NA
2007,茶,島根県,204,NA,NA
2008,茶,島根県,209,NA,NA
2009,茶,島根県,207,960,235
2010,茶,島根県,208,NA,NA
2011,茶,島根県,208,NA,NA
2012,茶,島根県,203,NA,NA
2013,茶,島根県,198,NA,NA
2014,茶,島根県,198,744,180
2015,茶,島根県,194,NA,NA
2016,茶,島根県,193,NA,NA
2017,茶,島根県,NA,NA,NA
2018,茶,島根県,NA,NA,NA
2019,茶,島根県,NA,NA,NA
2020,茶,島根県,182,513,115
2021,茶,島根県,NA,NA,NA
1985,茶,岡山県,355,1510,360
1986,茶,岡山県,354,1480,352
1987,茶,岡山県,349,1370,325
1988,茶,岡山県,343,1500,346
1989,茶,岡山県,318,1080,250
1990,茶,岡山県,303,1250,289
1991,茶,岡山県,278,1210,269
1992,茶,岡山県,258,1340,308
1993,茶,岡山県,248,1260,284
1994,茶,岡山県,237,NA,NA
1995,茶,岡山県,228,NA,NA
1996,茶,岡山県,218,1120,274
1997,茶,岡山県,207,NA,NA
1998,茶,岡山県,195,NA,NA
1999,茶,岡山県,189,1050,255
2000,茶,岡山県,184,NA,NA
2001,茶,岡山県,177,NA,NA
2002,茶,岡山県,168,939,217
2003,茶,岡山県,162,960,222
2004,茶,岡山県,162,988,237
2005,茶,岡山県,160,NA,NA
2006,茶,岡山県,153,NA,NA
2007,茶,岡山県,151,NA,NA
2008,茶,岡山県,138,NA,NA
2009,茶,岡山県,136,615,143
2010,茶,岡山県,131,NA,NA
2011,茶,岡山県,129,NA,NA
2012,茶,岡山県,128,NA,NA
2013,茶,岡山県,128,NA,NA
2014,茶,岡山県,128,573,127
2015,茶,岡山県,127,NA,NA
2016,茶,岡山県,125,NA,NA
2017,茶,岡山県,NA,NA,NA
2018,茶,岡山県,NA,NA,NA
2019,茶,岡山県,NA,NA,NA
2020,茶,岡山県,120,228,51
2021,茶,岡山県,NA,NA,NA
1985,茶,広島県,253,819,177
1986,茶,広島県,244,844,175
1987,茶,広島県,245,803,167
1988,茶,広島県,245,772,160
1989,茶,広島県,230,751,156
1990,茶,広島県,229,764,159
1991,茶,広島県,226,616,130
1992,茶,広島県,216,724,147
1993,茶,広島県,211,668,135
1994,茶,広島県,203,NA,NA
1995,茶,広島県,193,NA,NA
1996,茶,広島県,172,593,122
1997,茶,広島県,165,NA,NA
1998,茶,広島県,162,NA,NA
1999,茶,広島県,154,354,72
2000,茶,広島県,154,NA,NA
2001,茶,広島県,150,NA,NA
2002,茶,広島県,139,225,45
2003,茶,広島県,139,160,32
2004,茶,広島県,124,153,31
2005,茶,広島県,111,NA,NA
2006,茶,広島県,105,NA,NA
2007,茶,広島県,85,NA,NA
2008,茶,広島県,83,NA,NA
2009,茶,広島県,83,115,26
2010,茶,広島県,79,NA,NA
2011,茶,広島県,75,NA,NA
2012,茶,広島県,74,NA,NA
2013,茶,広島県,74,NA,NA
2014,茶,広島県,74,69,16
2015,茶,広島県,61,NA,NA
2016,茶,広島県,50,NA,NA
2017,茶,広島県,NA,NA,NA
2018,茶,広島県,NA,NA,NA
2019,茶,広島県,NA,NA,NA
2020,茶,広島県,21,48,10
2021,茶,広島県,NA,NA,NA
1985,茶,山口県,166,1260,280
1986,茶,山口県,166,1180,263
1987,茶,山口県,163,1120,240
1988,茶,山口県,160,1060,223
1989,茶,山口県,156,1090,230
1990,茶,山口県,154,1000,220
1991,茶,山口県,150,999,219
1992,茶,山口県,143,1050,216
1993,茶,山口県,141,923,193
1994,茶,山口県,140,NA,NA
1995,茶,山口県,136,NA,NA
1996,茶,山口県,135,787,167
1997,茶,山口県,130,NA,NA
1998,茶,山口県,127,NA,NA
1999,茶,山口県,116,1080,234
2000,茶,山口県,105,NA,NA
2001,茶,山口県,102,NA,NA
2002,茶,山口県,99,1030,207
2003,茶,山口県,99,1020,205
2004,茶,山口県,99,1100,233
2005,茶,山口県,95,NA,NA
2006,茶,山口県,92,NA,NA
2007,茶,山口県,89,NA,NA
2008,茶,山口県,89,NA,NA
2009,茶,山口県,89,803,195
2010,茶,山口県,90,NA,NA
2011,茶,山口県,90,NA,NA
2012,茶,山口県,90,NA,NA
2013,茶,山口県,83,NA,NA
2014,茶,山口県,80,579,139
2015,茶,山口県,80,NA,NA
2016,茶,山口県,80,NA,NA
2017,茶,山口県,NA,NA,NA
2018,茶,山口県,NA,NA,NA
2019,茶,山口県,NA,NA,NA
2020,茶,山口県,70,352,72
2021,茶,山口県,NA,NA,NA
1985,茶,徳島県,490,1680,357
1986,茶,徳島県,492,1600,337
1987,茶,徳島県,495,1640,351
1988,茶,徳島県,474,1730,368
1989,茶,徳島県,432,1560,340
1990,茶,徳島県,416,1610,350
1991,茶,徳島県,398,1580,328
1992,茶,徳島県,400,1530,318
1993,茶,徳島県,396,1380,284
1994,茶,徳島県,402,NA,NA
1995,茶,徳島県,401,NA,NA
1996,茶,徳島県,398,1220,253
1997,茶,徳島県,396,NA,NA
1998,茶,徳島県,394,NA,NA
1999,茶,徳島県,386,1070,220
2000,茶,徳島県,377,NA,NA
2001,茶,徳島県,373,NA,NA
2002,茶,徳島県,359,1140,238
2003,茶,徳島県,357,1130,239
2004,茶,徳島県,357,1040,217
2005,茶,徳島県,348,NA,NA
2006,茶,徳島県,337,NA,NA
2007,茶,徳島県,335,NA,NA
2008,茶,徳島県,330,NA,NA
2009,茶,徳島県,324,900,191
2010,茶,徳島県,308,NA,NA
2011,茶,徳島県,294,NA,NA
2012,茶,徳島県,294,NA,NA
2013,茶,徳島県,282,NA,NA
2014,茶,徳島県,267,721,152
2015,茶,徳島県,254,NA,NA
2016,茶,徳島県,249,NA,NA
2017,茶,徳島県,NA,NA,NA
2018,茶,徳島県,NA,NA,NA
2019,茶,徳島県,NA,NA,NA
2020,茶,徳島県,217,580,118
2021,茶,徳島県,NA,NA,NA
1985,茶,香川県,367,1530,360
1986,茶,香川県,363,1420,333
1987,茶,香川県,355,1370,325
1988,茶,香川県,354,1440,328
1989,茶,香川県,349,1230,281
1990,茶,香川県,326,1300,298
1991,茶,香川県,310,1240,282
1992,茶,香川県,299,1250,286
1993,茶,香川県,284,1380,310
1994,茶,香川県,278,NA,NA
1995,茶,香川県,269,NA,NA
1996,茶,香川県,251,1130,261
1997,茶,香川県,249,NA,NA
1998,茶,香川県,241,NA,NA
1999,茶,香川県,238,984,232
2000,茶,香川県,230,NA,NA
2001,茶,香川県,223,NA,NA
2002,茶,香川県,209,858,201
2003,茶,香川県,198,891,208
2004,茶,香川県,181,906,212
2005,茶,香川県,163,NA,NA
2006,茶,香川県,148,NA,NA
2007,茶,香川県,134,NA,NA
2008,茶,香川県,131,NA,NA
2009,茶,香川県,128,592,143
2010,茶,香川県,119,NA,NA
2011,茶,香川県,110,NA,NA
2012,茶,香川県,95,NA,NA
2013,茶,香川県,83,NA,NA
2014,茶,香川県,75,391,95
2015,茶,香川県,65,NA,NA
2016,茶,香川県,59,NA,NA
2017,茶,香川県,NA,NA,NA
2018,茶,香川県,NA,NA,NA
2019,茶,香川県,NA,NA,NA
2020,茶,香川県,27,NA,NA
2021,茶,香川県,NA,NA,NA
1985,茶,愛媛県,320,1180,245
1986,茶,愛媛県,310,1090,226
1987,茶,愛媛県,300,1050,219
1988,茶,愛媛県,298,933,193
1989,茶,愛媛県,288,797,164
1990,茶,愛媛県,275,809,169
1991,茶,愛媛県,265,755,156
1992,茶,愛媛県,255,751,159
1993,茶,愛媛県,253,639,139
1994,茶,愛媛県,248,NA,NA
1995,茶,愛媛県,243,NA,NA
1996,茶,愛媛県,224,560,118
1997,茶,愛媛県,219,NA,NA
1998,茶,愛媛県,215,NA,NA
1999,茶,愛媛県,203,414,87
2000,茶,愛媛県,178,NA,NA
2001,茶,愛媛県,163,NA,NA
2002,茶,愛媛県,161,498,102
2003,茶,愛媛県,156,509,102
2004,茶,愛媛県,155,526,109
2005,茶,愛媛県,155,NA,NA
2006,茶,愛媛県,154,NA,NA
2007,茶,愛媛県,143,NA,NA
2008,茶,愛媛県,140,NA,NA
2009,茶,愛媛県,144,434,92
2010,茶,愛媛県,143,NA,NA
2011,茶,愛媛県,143,NA,NA
2012,茶,愛媛県,143,NA,NA
2013,茶,愛媛県,142,NA,NA
2014,茶,愛媛県,137,321,68
2015,茶,愛媛県,132,NA,NA
2016,茶,愛媛県,131,NA,NA
2017,茶,愛媛県,NA,NA,NA
2018,茶,愛媛県,NA,NA,NA
2019,茶,愛媛県,NA,NA,NA
2020,茶,愛媛県,121,201,44
2021,茶,愛媛県,NA,NA,NA
1985,茶,高知県,1050,4960,1030
1986,茶,高知県,1050,4760,970
1987,茶,高知県,1040,4520,912
1988,茶,高知県,1030,4310,937
1989,茶,高知県,1020,4170,915
1990,茶,高知県,1010,3490,730
1991,茶,高知県,960,3390,719
1992,茶,高知県,935,3070,666
1993,茶,高知県,907,3120,655
1994,茶,高知県,831,NA,NA
1995,茶,高知県,804,NA,NA
1996,茶,高知県,768,3220,678
1997,茶,高知県,734,NA,NA
1998,茶,高知県,700,NA,NA
1999,茶,高知県,693,2840,621
2000,茶,高知県,681,NA,NA
2001,茶,高知県,658,NA,NA
2002,茶,高知県,649,2600,570
2003,茶,高知県,645,2380,515
2004,茶,高知県,628,2410,532
2005,茶,高知県,612,2220,491
2006,茶,高知県,610,2110,452
2007,茶,高知県,608,1850,405
2008,茶,高知県,572,1870,404
2009,茶,高知県,520,1630,363
2010,茶,高知県,499,1630,347
2011,茶,高知県,482,1440,310
2012,茶,高知県,476,1410,304
2013,茶,高知県,462,1300,282
2014,茶,高知県,439,1300,289
2015,茶,高知県,419,NA,NA
2016,茶,高知県,392,NA,NA
2017,茶,高知県,NA,NA,NA
2018,茶,高知県,NA,NA,NA
2019,茶,高知県,NA,NA,NA
2020,茶,高知県,269,753,168
2021,茶,高知県,NA,NA,NA
1985,茶,福岡県,1630,9750,1910
1986,茶,福岡県,1600,9780,1930
1987,茶,福岡県,1590,9450,1870
1988,茶,福岡県,1580,8550,1690
1989,茶,福岡県,1580,8780,1740
1990,茶,福岡県,1580,8560,1740
1991,茶,福岡県,1580,9030,1780
1992,茶,福岡県,1580,9220,1860
1993,茶,福岡県,1580,8760,1790
1994,茶,福岡県,1570,8630,1770
1995,茶,福岡県,1570,9010,1790
1996,茶,福岡県,1550,10100,2030
1997,茶,福岡県,1560,10500,2100
1998,茶,福岡県,1550,10800,2080
1999,茶,福岡県,1540,10700,2160
2000,茶,福岡県,1550,10200,2090
2001,茶,福岡県,1560,10500,2210
2002,茶,福岡県,1570,10300,2150
2003,茶,福岡県,1590,10700,2190
2004,茶,福岡県,1580,10900,2260
2005,茶,福岡県,1580,11100,2260
2006,茶,福岡県,1580,11100,2290
2007,茶,福岡県,1580,11600,2330
2008,茶,福岡県,1590,11600,2330
2009,茶,福岡県,1600,11400,2330
2010,茶,福岡県,1580,10900,2280
2011,茶,福岡県,1580,10400,2170
2012,茶,福岡県,1580,11800,2430
2013,茶,福岡県,1570,11100,2290
2014,茶,福岡県,1560,10600,2170
2015,茶,福岡県,1560,9410,1940
2016,茶,福岡県,1550,9220,1870
2017,茶,福岡県,1550,9730,1920
2018,茶,福岡県,1540,9600,1890
2019,茶,福岡県,1540,9310,1780
2020,茶,福岡県,1540,8300,1600
2021,茶,福岡県,1520,8670,1650
1985,茶,佐賀県,1150,9280,1950
1986,茶,佐賀県,1130,8510,1940
1987,茶,佐賀県,1130,9240,2020
1988,茶,佐賀県,1120,8910,1960
1989,茶,佐賀県,1120,9080,2040
1990,茶,佐賀県,1070,8720,1930
1991,茶,佐賀県,1070,8240,1840
1992,茶,佐賀県,1060,8640,1930
1993,茶,佐賀県,1050,8780,1980
1994,茶,佐賀県,1030,7410,1710
1995,茶,佐賀県,1010,7610,1740
1996,茶,佐賀県,1000,8570,1900
1997,茶,佐賀県,990,8810,1940
1998,茶,佐賀県,986,7870,1730
1999,茶,佐賀県,1070,9270,2000
2000,茶,佐賀県,1060,9060,1980
2001,茶,佐賀県,1050,9600,2120
2002,茶,佐賀県,1050,8690,1860
2003,茶,佐賀県,1040,8840,1890
2004,茶,佐賀県,1040,9770,2170
2005,茶,佐賀県,1040,8810,2030
2006,茶,佐賀県,1040,8830,1930
2007,茶,佐賀県,1030,8630,1930
2008,茶,佐賀県,1030,8070,1780
2009,茶,佐賀県,1020,7290,1630
2010,茶,佐賀県,1010,7080,1570
2011,茶,佐賀県,992,7190,1560
2012,茶,佐賀県,966,7210,1590
2013,茶,佐賀県,953,6830,1510
2014,茶,佐賀県,928,6010,1350
2015,茶,佐賀県,891,5510,1240
2016,茶,佐賀県,866,5490,1240
2017,茶,佐賀県,841,5210,1170
2018,茶,佐賀県,795,5660,1270
2019,茶,佐賀県,749,5530,1240
2020,茶,佐賀県,705,5140,1140
2021,茶,佐賀県,NA,NA,NA
1985,茶,長崎県,871,6170,1290
1986,茶,長崎県,871,5940,1200
1987,茶,長崎県,867,5840,1190
1988,茶,長崎県,853,5230,1070
1989,茶,長崎県,856,5450,1100
1990,茶,長崎県,856,5570,1130
1991,茶,長崎県,845,5320,1080
1992,茶,長崎県,805,5500,1110
1993,茶,長崎県,760,5480,1040
1994,茶,長崎県,744,4690,891
1995,茶,長崎県,742,4780,905
1996,茶,長崎県,742,5540,1110
1997,茶,長崎県,734,5560,1120
1998,茶,長崎県,739,5180,1030
1999,茶,長崎県,747,5370,1070
2000,茶,長崎県,751,5300,1080
2001,茶,長崎県,761,5140,1050
2002,茶,長崎県,772,4680,936
2003,茶,長崎県,785,4870,981
2004,茶,長崎県,780,5370,1060
2005,茶,長崎県,781,4990,975
2006,茶,長崎県,764,4700,876
2007,茶,長崎県,757,4710,871
2008,茶,長崎県,765,4140,766
2009,茶,長崎県,751,3690,697
2010,茶,長崎県,755,3490,676
2011,茶,長崎県,754,3650,735
2012,茶,長崎県,753,3920,818
2013,茶,長崎県,754,3740,758
2014,茶,長崎県,751,3580,718
2015,茶,長崎県,750,3470,709
2016,茶,長崎県,750,3880,775
2017,茶,長崎県,747,3580,718
2018,茶,長崎県,742,3640,733
2019,茶,長崎県,737,3440,693
2020,茶,長崎県,725,2790,578
2021,茶,長崎県,NA,NA,NA
1985,茶,熊本県,2170,11800,2480
1986,茶,熊本県,2140,12300,2610
1987,茶,熊本県,2060,12100,2540
1988,茶,熊本県,2030,12000,2470
1989,茶,熊本県,2030,12400,2570
1990,茶,熊本県,2020,11800,2340
1991,茶,熊本県,2010,11300,2280
1992,茶,熊本県,1980,10900,2220
1993,茶,熊本県,1980,10100,2070
1994,茶,熊本県,1960,9460,1890
1995,茶,熊本県,1940,9020,1820
1996,茶,熊本県,1910,9230,1860
1997,茶,熊本県,1820,9900,2000
1998,茶,熊本県,1790,9590,1910
1999,茶,熊本県,1780,9830,1960
2000,茶,熊本県,1760,9600,1940
2001,茶,熊本県,1740,9320,1880
2002,茶,熊本県,1730,8860,1770
2003,茶,熊本県,1690,9010,1800
2004,茶,熊本県,1670,9200,1860
2005,茶,熊本県,1660,9340,1910
2006,茶,熊本県,1660,8670,1760
2007,茶,熊本県,1640,8560,1740
2008,茶,熊本県,1630,8290,1680
2009,茶,熊本県,1620,7380,1500
2010,茶,熊本県,1610,6830,1380
2011,茶,熊本県,1600,7020,1420
2012,茶,熊本県,1580,7340,1490
2013,茶,熊本県,1570,6390,1300
2014,茶,熊本県,1500,6350,1300
2015,茶,熊本県,1420,5590,1140
2016,茶,熊本県,1350,6250,1280
2017,茶,熊本県,1300,6270,1290
2018,茶,熊本県,1260,6120,1260
2019,茶,熊本県,1220,6150,1270
2020,茶,熊本県,1170,5400,1120
2021,茶,熊本県,1130,6190,1280
1985,茶,大分県,961,3750,782
1986,茶,大分県,961,3740,782
1987,茶,大分県,956,3550,724
1988,茶,大分県,930,3390,697
1989,茶,大分県,928,3140,630
1990,茶,大分県,910,3070,604
1991,茶,大分県,872,2860,565
1992,茶,大分県,851,2990,604
1993,茶,大分県,846,2830,568
1994,茶,大分県,831,NA,NA
1995,茶,大分県,NA,NA,NA
1996,茶,大分県,802,2580,529
1997,茶,大分県,751,NA,NA
1998,茶,大分県,660,NA,NA
1999,茶,大分県,647,2370,481
2000,茶,大分県,641,NA,NA
2001,茶,大分県,639,NA,NA
2002,茶,大分県,632,2010,404
2003,茶,大分県,622,1980,401
2004,茶,大分県,600,1690,333
2005,茶,大分県,345,NA,NA
2006,茶,大分県,348,NA,NA
2007,茶,大分県,371,NA,NA
2008,茶,大分県,388,NA,NA
2009,茶,大分県,406,1710,348
2010,茶,大分県,426,NA,NA
2011,茶,大分県,431,NA,NA
2012,茶,大分県,440,NA,NA
2013,茶,大分県,434,NA,NA
2014,茶,大分県,449,1990,410
2015,茶,大分県,451,NA,NA
2016,茶,大分県,446,NA,NA
2017,茶,大分県,NA,NA,NA
2018,茶,大分県,NA,NA,NA
2019,茶,大分県,NA,NA,NA
2020,茶,大分県,471,2590,549
2021,茶,大分県,NA,NA,NA
1985,茶,宮崎県,1740,11800,2410
1986,茶,宮崎県,1710,13300,2720
1987,茶,宮崎県,1670,13800,2810
1988,茶,宮崎県,1630,13700,2780
1989,茶,宮崎県,1600,14700,2970
1990,茶,宮崎県,1530,13800,2760
1991,茶,宮崎県,1500,13700,2750
1992,茶,宮崎県,1480,13700,2750
1993,茶,宮崎県,1460,13500,2730
1994,茶,宮崎県,1440,12400,2550
1995,茶,宮崎県,1420,13400,2720
1996,茶,宮崎県,1380,14200,2890
1997,茶,宮崎県,1360,15500,3120
1998,茶,宮崎県,1360,13600,2730
1999,茶,宮崎県,1360,15200,3060
2000,茶,宮崎県,1380,15600,3170
2001,茶,宮崎県,1370,15800,3230
2002,茶,宮崎県,1410,14700,2970
2003,茶,宮崎県,1430,15800,3170
2004,茶,宮崎県,1480,18600,3780
2005,茶,宮崎県,1550,17800,3660
2006,茶,宮崎県,1580,15100,3110
2007,茶,宮崎県,1620,18800,3830
2008,茶,宮崎県,1650,18800,3850
2009,茶,宮崎県,1630,16500,3400
2010,茶,宮崎県,1610,17400,3570
2011,茶,宮崎県,1580,17700,3670
2012,茶,宮崎県,1560,19200,4060
2013,茶,宮崎県,1540,19300,4100
2014,茶,宮崎県,1510,18500,3870
2015,茶,宮崎県,1450,17300,3620
2016,茶,宮崎県,1420,17900,3760
2017,茶,宮崎県,1410,18000,3770
2018,茶,宮崎県,1390,18100,3800
2019,茶,宮崎県,1380,16600,3510
2020,茶,宮崎県,1330,14600,3060
2021,茶,宮崎県,1270,14400,3050
1985,茶,鹿児島県,7610,59500,12400
1986,茶,鹿児島県,7620,63100,13100
1987,茶,鹿児島県,7670,64800,13400
1988,茶,鹿児島県,7650,62000,12700
1989,茶,鹿児島県,7580,67300,13800
1990,茶,鹿児島県,7590,67600,13800
1991,茶,鹿児島県,7590,66100,13500
1992,茶,鹿児島県,7560,72300,14900
1993,茶,鹿児島県,7530,73100,15100
1994,茶,鹿児島県,7440,67600,14000
1995,茶,鹿児島県,7460,74300,15400
1996,茶,鹿児島県,7400,86400,17800
1997,茶,鹿児島県,7560,88800,18300
1998,茶,鹿児島県,7740,84400,17000
1999,茶,鹿児島県,7900,91200,18400
2000,茶,鹿児島県,8040,93700,18900
2001,茶,鹿児島県,8190,98200,19800
2002,茶,鹿児島県,8300,92800,18400
2003,茶,鹿児島県,8350,107000,21300
2004,茶,鹿児島県,8380,123500,25200
2005,茶,鹿児島県,8390,116600,23900
2006,茶,鹿児島県,8460,114500,23300
2007,茶,鹿児島県,8530,118800,24100
2008,茶,鹿児島県,8660,127500,26000
2009,茶,鹿児島県,8690,112900,23400
2010,茶,鹿児島県,8690,119200,24600
2011,茶,鹿児島県,8670,115000,23800
2012,茶,鹿児島県,8680,127600,26000
2013,茶,鹿児島県,8660,123000,25600
2014,茶,鹿児島県,8670,120300,24600
2015,茶,鹿児島県,8610,110900,22700
2016,茶,鹿児島県,8520,120700,24600
2017,茶,鹿児島県,8430,128500,26600
2018,茶,鹿児島県,8410,137700,28100
2019,茶,鹿児島県,8400,137300,28000
2020,茶,鹿児島県,8360,118400,23900
2021,茶,鹿児島県,8300,127500,26500
1985,茶,沖縄県,72,776,154
1986,茶,沖縄県,71,663,134
1987,茶,沖縄県,66,600,119
1988,茶,沖縄県,64,546,109
1989,茶,沖縄県,65,531,104
1990,茶,沖縄県,66,482,92
1991,茶,沖縄県,65,424,85
1992,茶,沖縄県,63,486,96
1993,茶,沖縄県,63,538,108
1994,茶,沖縄県,62,NA,NA
1995,茶,沖縄県,64,NA,NA
1996,茶,沖縄県,55,470,95
1997,茶,沖縄県,52,NA,NA
1998,茶,沖縄県,48,NA,NA
1999,茶,沖縄県,51,413,84
2000,茶,沖縄県,45,NA,NA
2001,茶,沖縄県,42,NA,NA
2002,茶,沖縄県,41,368,72
2003,茶,沖縄県,40,341,68
2004,茶,沖縄県,39,364,70
2005,茶,沖縄県,41,NA,NA
2006,茶,沖縄県,40,NA,NA
2007,茶,沖縄県,42,NA,NA
2008,茶,沖縄県,45,NA,NA
2009,茶,沖縄県,41,278,57
2010,茶,沖縄県,41,NA,NA
2011,茶,沖縄県,40,NA,NA
2012,茶,沖縄県,38,NA,NA
2013,茶,沖縄県,36,NA,NA
2014,茶,沖縄県,32,152,31
2015,茶,沖縄県,31,NA,NA
2016,茶,沖縄県,30,NA,NA
2017,茶,沖縄県,NA,NA,NA
2018,茶,沖縄県,NA,NA,NA
2019,茶,沖縄県,NA,NA,NA
2020,茶,沖縄県,24,111,24
2021,茶,沖縄県,NA,NA,NA
